Date,Discharge
2018-01-01,300
2018-01-02,299
2018-01-03,299
2018-01-04,298
2018-01-05,298
2018-01-06,297
2018-01-07,297
2018-01-08,296
2018-01-09,296
2018-01-10,297
2018-01-11,298
2018-01-12,299
2018-01-13,300
2018-01-14,300
2018-01-15,302
2018-01-16,302
2018-01-17,302
2018-01-18,303
2018-01-19,308
2018-01-20,309
2018-01-21,311
2018-01-22,312
2018-01-23,312
2018-01-24,311
2018-01-25,312
2018-01-26,311
2018-01-27,311
2018-01-28,310
2018-01-29,307
2018-01-30,305
2018-01-31,304
2018-02-01,303
2018-02-02,302
2018-02-03,300
2018-02-04,299
2018-02-05,297
2018-02-06,296
2018-02-07,296
2018-02-08,296
2018-02-09,296
2018-02-10,295
2018-02-11,295
2018-02-12,293
2018-02-13,292
2018-02-14,292
2018-02-15,292
2018-02-16,292
2018-02-17,292
2018-02-18,292
2018-02-19,292
2018-02-20,292
2018-02-21,292
2018-02-22,291
2018-02-23,295
2018-02-24,299
2018-02-25,295
2018-02-26,297
2018-02-27,297
2018-02-28,297
2018-03-01,297
2018-03-02,296
2018-03-03,297
2018-03-04,298
2018-03-05,298
2018-03-06,297
2018-03-07,297
2018-03-08,296
2018-03-09,297
2018-03-10,298
2018-03-11,298
2018-03-12,297
2018-03-13,295
2018-03-14,292
2018-03-15,290
2018-03-16,290
2018-03-17,289
2018-03-18,288
2018-03-19,287
2018-03-20,284
2018-03-21,283
2018-03-22,280
2018-03-23,279
2018-03-24,278
2018-03-25,278
2018-03-26,278
2018-03-27,279
2018-03-28,287
2018-03-29,291
2018-03-30,296
2018-03-31,301
2018-04-01,305
2018-04-02,316
2018-04-03,314
2018-04-04,312
2018-04-05,311
2018-04-06,310
2018-04-07,309
2018-04-08,308
2018-04-09,307
2018-04-10,306
2018-04-11,303
2018-04-12,301
2018-04-13,300
2018-04-14,298
2018-04-15,295
2018-04-16,292
2018-04-17,288
2018-04-18,286
2018-04-19,286
2018-04-20,285
2018-04-21,284
2018-04-22,283
2018-04-23,281
2018-04-24,280
2018-04-25,279
2018-04-26,278
2018-04-27,277
2018-04-28,277
2018-04-29,276
2018-04-30,276
2018-05-01,273
2018-05-02,274
2018-05-03,274
2018-05-04,276
2018-05-05,278
2018-05-06,280
2018-05-07,278
2018-05-08,277
2018-05-09,275
2018-05-10,273
2018-05-11,271
2018-05-12,271
2018-05-13,272
2018-05-14,272
2018-05-15,267
2018-05-16,267
2018-05-17,267
2018-05-18,266
2018-05-19,266
2018-05-20,266
2018-05-21,267
2018-05-22,267
2018-05-23,266
2018-05-24,266
2018-05-25,266
2018-05-26,266
2018-05-27,265
2018-05-28,265
2018-05-29,262
2018-05-30,259
2018-05-31,255
2018-06-01,252
2018-06-02,247
2018-06-03,243
2018-06-04,238
2018-06-05,234
2018-06-06,229
2018-06-07,225
2018-06-08,223
2018-06-09,222
2018-06-10,218
2018-06-11,213
2018-06-12,209
2018-06-13,205
2018-06-14,202
2018-06-15,204
2018-06-16,206
2018-06-17,206
2018-06-18,207
2018-06-19,208
2018-06-20,209
2018-06-21,210
2018-06-22,209
2018-06-23,207
2018-06-24,204
2018-06-25,202
2018-06-26,199
2018-06-27,197
2018-06-28,194
2018-06-29,193
2018-06-30,194
2018-07-01,193
2018-07-02,191
2018-07-03,190
2018-07-04,194
2018-07-05,197
2018-07-06,200
2018-07-07,206
2018-07-08,211
2018-07-09,217
2018-07-10,223
2018-07-11,230
2018-07-12,236
2018-07-13,237
2018-07-14,240
2018-07-15,238
2018-07-16,237
2018-07-17,235
2018-07-18,232
2018-07-19,229
2018-07-20,227
2018-07-21,225
2018-07-22,224
2018-07-23,222
2018-07-24,219
2018-07-25,216
2018-07-26,212
2018-07-27,208
2018-07-28,210
2018-07-29,208
2018-07-30,207
2018-07-31,204
2018-08-01,201
2018-08-02,199
2018-08-03,197
2018-08-04,197
2018-08-05,196
2018-08-06,196
2018-08-07,192
2018-08-08,189
2018-08-09,187
2018-08-10,186
2018-08-11,187
2018-08-12,188
2018-08-13,190
2018-08-14,187
2018-08-15,189
2018-08-16,187
2018-08-17,185
2018-08-18,183
2018-08-19,181
2018-08-20,180
2018-08-21,178
2018-08-22,176
2018-08-23,173
2018-08-24,171
2018-08-25,170
2018-08-26,169
2018-08-27,168
2018-08-28,167
2018-08-29,164
2018-08-30,161
2018-08-31,161
2018-09-01,162
2018-09-02,164
2018-09-03,165
2018-09-04,171
2018-09-05,179
2018-09-06,186
2018-09-07,194
2018-09-08,201
2018-09-09,211
2018-09-10,219
2018-09-11,229
2018-09-12,238
2018-09-13,248
2018-09-14,253
2018-09-15,258
2018-09-16,264
2018-09-17,269
2018-09-18,275
2018-09-19,276
2018-09-20,280
2018-09-21,284
2018-09-22,288
2018-09-23,292
2018-09-24,296
2018-09-25,300
2018-09-26,309
2018-09-27,309
2018-09-28,313
2018-09-29,314
2018-09-30,316
2018-10-01,317
2018-10-02,319
2018-10-03,319
2018-10-04,320
2018-10-05,321
2018-10-06,323
2018-10-07,327
2018-10-08,332
2018-10-09,333
2018-10-10,333
2018-10-11,334
2018-10-12,329
2018-10-13,329
2018-10-14,331
2018-10-15,334
2018-10-16,337
2018-10-17,340
2018-10-18,343
2018-10-19,347
2018-10-20,350
2018-10-21,354
2018-10-22,352
2018-10-23,354
2018-10-24,356
2018-10-25,358
2018-10-26,360
2018-10-27,362
2018-10-28,362
2018-10-29,361
2018-10-30,359
2018-10-31,361
2018-11-01,364
2018-11-02,366
2018-11-03,362
2018-11-04,364
2018-11-05,367
2018-11-06,369
2018-11-07,368
2018-11-08,368
2018-11-09,369
2018-11-10,374
2018-11-11,370
2018-11-12,368
2018-11-13,367
2018-11-14,365
2018-11-15,364
2018-11-16,363
2018-11-17,363
2018-11-18,363
2018-11-19,362
2018-11-20,362
2018-11-21,360
2018-11-22,360
2018-11-23,361
2018-11-24,360
2018-11-25,360
2018-11-26,359
2018-11-27,356
2018-11-28,356
2018-11-29,357
2018-11-30,358
2018-12-01,359
2018-12-02,360
2018-12-03,361
2018-12-04,361
2018-12-05,362
2018-12-06,365
2018-12-07,369
2018-12-08,373
2018-12-09,377
2018-12-10,381
2018-12-11,380
2018-12-12,379
2018-12-13,379
2018-12-14,379
2018-12-15,380
2018-12-16,379
2018-12-17,379
2018-12-18,378
2018-12-19,378
2018-12-20,378
2018-12-21,379
2018-12-22,379
2018-12-23,380
2018-12-24,380
2018-12-25,381
2018-12-26,382
2018-12-27,384
2018-12-28,386
2018-12-29,383
2018-12-30,384
2018-12-31,385
2019-01-01,384
2019-01-02,384
2019-01-03,385
2019-01-04,385
2019-01-05,389
2019-01-06,386
2019-01-07,386
2019-01-08,386
2019-01-09,384
2019-01-10,383
2019-01-11,390
2019-01-12,389
2019-01-13,388
2019-01-14,387
2019-01-15,386
2019-01-16,384
2019-01-17,384
2019-01-18,383
2019-01-19,382
2019-01-20,381
2019-01-21,381
2019-01-22,380
2019-01-23,380
2019-01-24,380
2019-01-25,379
2019-01-26,381
2019-01-27,379
2019-01-28,380
2019-01-29,382
2019-01-30,380
2019-01-31,378
2019-02-01,379
2019-02-02,381
2019-02-03,381
2019-02-04,380
2019-02-05,380
2019-02-06,380
2019-02-07,380
2019-02-08,376
2019-02-09,377
2019-02-10,379
2019-02-11,379
2019-02-12,379
2019-02-13,379
2019-02-14,380
2019-02-15,380
2019-02-16,380
2019-02-17,380
2019-02-18,379
2019-02-19,380
2019-02-20,380
2019-02-21,380
2019-02-22,381
2019-02-23,382
2019-02-24,382
2019-02-25,383
2019-02-26,384
2019-02-27,384
2019-02-28,383
2019-03-01,383
2019-03-02,382
2019-03-03,382
2019-03-04,377
2019-03-05,378
2019-03-06,378
2019-03-07,381
2019-03-08,386
2019-03-09,381
2019-03-10,382
2019-03-11,382
2019-03-12,381
2019-03-13,380
2019-03-14,380
2019-03-15,380
2019-03-16,380
2019-03-17,380
2019-03-18,380
2019-03-19,380
2019-03-20,381
2019-03-21,381
2019-03-22,381
2019-03-23,380
2019-03-24,380
2019-03-25,379
2019-03-26,375
2019-03-27,374
2019-03-28,372
2019-03-29,371
2019-03-30,369
2019-03-31,367
2019-04-01,365
2019-04-02,364
2019-04-03,363
2019-04-04,364
2019-04-05,364
2019-04-06,367
2019-04-07,369
2019-04-08,372
2019-04-09,369
2019-04-10,367
2019-04-11,367
2019-04-12,365
2019-04-13,363
2019-04-14,361
2019-04-15,358
2019-04-16,359
2019-04-17,362
2019-04-18,360
2019-04-19,358
2019-04-20,356
2019-04-21,356
2019-04-22,355
2019-04-23,356
2019-04-24,357
2019-04-25,358
2019-04-26,359
2019-04-27,356
2019-04-28,356
2019-04-29,355
2019-04-30,356
2019-05-01,357
2019-05-02,357
2019-05-03,366
2019-05-04,370
2019-05-05,374
2019-05-06,379
2019-05-07,383
2019-05-08,388
2019-05-09,389
2019-05-10,390
2019-05-11,387
2019-05-12,385
2019-05-13,385
2019-05-14,385
2019-05-15,384
2019-05-16,384
2019-05-17,383
2019-05-18,384
2019-05-19,384
2019-05-20,385
2019-05-21,384
2019-05-22,382
2019-05-23,379
2019-05-24,377
2019-05-25,377
2019-05-26,376
2019-05-27,375
2019-05-28,374
2019-05-29,374
2019-05-30,373
2019-05-31,372
2019-06-01,372
2019-06-02,372
2019-06-03,372
2019-06-04,372
2019-06-05,373
2019-06-06,374
2019-06-07,375
2019-06-08,377
2019-06-09,378
2019-06-10,374
2019-06-11,374
2019-06-12,373
2019-06-13,373
2019-06-14,373
2019-06-15,373
2019-06-16,373
2019-06-17,374
2019-06-18,376
2019-06-19,377
2019-06-20,371
2019-06-21,369
2019-06-22,368
2019-06-23,366
2019-06-24,366
2019-06-25,368
2019-06-26,370
2019-06-27,369
2019-06-28,369
2019-06-29,368
2019-06-30,366
2019-07-01,364
2019-07-02,366
2019-07-03,366
2019-07-04,365
2019-07-05,365
2019-07-06,364
2019-07-07,364
2019-07-08,362
2019-07-09,360
2019-07-10,358
2019-07-11,356
2019-07-12,356
2019-07-13,356
2019-07-14,356
2019-07-15,357
2019-07-16,356
2019-07-17,356
2019-07-18,356
2019-07-19,355
2019-07-20,351
2019-07-21,348
2019-07-22,341
2019-07-23,334
2019-07-24,331
2019-07-25,328
2019-07-26,323
2019-07-27,320
2019-07-28,317
2019-07-29,314
2019-07-30,310
2019-07-31,307
2019-08-01,306
2019-08-02,305
2019-08-03,305
2019-08-04,305
2019-08-05,301
2019-08-06,298
2019-08-07,296
2019-08-08,295
2019-08-09,295
2019-08-10,295
2019-08-11,292
2019-08-12,289
2019-08-13,286
2019-08-14,285
2019-08-15,286
2019-08-16,286
2019-08-17,291
2019-08-18,292
2019-08-19,293
2019-08-20,293
2019-08-21,296
2019-08-22,297
2019-08-23,298
2019-08-24,302
2019-08-25,307
2019-08-26,307
2019-08-27,308
2019-08-28,310
2019-08-29,311
2019-08-30,311
2019-08-31,313
2019-09-01,313
2019-09-02,313
2019-09-03,313
2019-09-04,312
2019-09-05,311
2019-09-06,310
2019-09-07,313
2019-09-08,315
2019-09-09,318
2019-09-10,317
2019-09-11,316
2019-09-12,314
2019-09-13,313
2019-09-14,312
2019-09-15,311
2019-09-16,306
2019-09-17,302
2019-09-18,298
2019-09-19,295
2019-09-20,293
2019-09-21,291
2019-09-22,290
2019-09-23,290
2019-09-24,287
2019-09-25,285
2019-09-26,283
2019-09-27,283
2019-09-28,284
2019-09-29,284
2019-09-30,285
2019-10-01,285
2019-10-02,287
2019-10-03,286
2019-10-04,286
2019-10-05,287
2019-10-06,288
2019-10-07,286
2019-10-08,285
2019-10-09,284
2019-10-10,282
2019-10-11,281
2019-10-12,285
2019-10-13,286
2019-10-14,286
2019-10-15,286
2019-10-16,288
2019-10-17,291
2019-10-18,291
2019-10-19,294
2019-10-20,294
2019-10-21,296
2019-10-22,295
2019-10-23,298
2019-10-24,303
2019-10-25,309
2019-10-26,314
2019-10-27,326
2019-10-28,325
2019-10-29,325
2019-10-30,326
2019-10-31,326
2019-11-01,323
2019-11-02,325
2019-11-03,328
2019-11-04,328
2019-11-05,328
2019-11-06,330
2019-11-07,327
2019-11-08,326
2019-11-09,324
2019-11-10,324
2019-11-11,323
2019-11-12,323
2019-11-13,323
2019-11-14,324
2019-11-15,324
2019-11-16,325
2019-11-17,325
2019-11-18,326
2019-11-19,328
2019-11-20,328
2019-11-21,328
2019-11-22,328
2019-11-23,328
2019-11-24,327
2019-11-25,326
2019-11-26,325
2019-11-27,324
2019-11-28,325
2019-11-29,327
2019-11-30,326
2019-12-01,325
2019-12-02,324
2019-12-03,323
2019-12-04,322
2019-12-05,321
2019-12-06,320
2019-12-07,319
2019-12-08,318
2019-12-09,318
2019-12-10,317
2019-12-11,316
2019-12-12,315
2019-12-13,312
2019-12-14,310
2019-12-15,311
2019-12-16,309
2019-12-17,307
2019-12-18,306
2019-12-19,306
2019-12-20,307
2019-12-21,306
2019-12-22,306
2019-12-23,306
2019-12-24,306
2019-12-25,309
2019-12-26,313
2019-12-27,313
2019-12-28,313
2019-12-29,313
2019-12-30,310
2019-12-31,310
2020-01-01,312
2020-01-02,312
2020-01-03,312
2020-01-04,312
2020-01-05,313
2020-01-06,313
2020-01-07,312
2020-01-08,312
2020-01-09,315
2020-01-10,315
2020-01-11,315
2020-01-12,315
2020-01-13,317
2020-01-14,319
2020-01-15,321
2020-01-16,320
2020-01-17,320
2020-01-18,319
2020-01-19,318
2020-01-20,317
2020-01-21,315
2020-01-22,318
2020-01-23,321
2020-01-24,321
2020-01-25,321
2020-01-26,321
2020-01-27,321
2020-01-28,320
2020-01-29,320
2020-01-30,319
2020-01-31,319
2020-02-01,318
2020-02-02,318
2020-02-03,319
2020-02-04,320
2020-02-05,319
2020-02-06,317
2020-02-07,319
2020-02-08,322
2020-02-09,324
2020-02-10,321
2020-02-11,319
2020-02-12,323
2020-02-13,326
2020-02-14,325
2020-02-15,327
2020-02-16,329
2020-02-17,329
2020-02-18,328
2020-02-19,328
2020-02-20,325
2020-02-21,325
2020-02-22,325
2020-02-23,323
2020-02-24,321
2020-02-25,319
2020-02-26,324
2020-02-27,324
2020-02-28,324
2020-02-29,324
2020-03-01,325
2020-03-02,324
2020-03-03,324
2020-03-04,322
2020-03-05,321
2020-03-06,319
2020-03-07,318
2020-03-08,318
2020-03-09,317
2020-03-10,317
2020-03-11,316
2020-03-12,315
2020-03-13,312
2020-03-14,311
2020-03-15,310
2020-03-16,308
2020-03-17,308
2020-03-18,307
2020-03-19,303
2020-03-20,301
2020-03-21,299
2020-03-22,298
2020-03-23,296
2020-03-24,294
2020-03-25,288
2020-03-26,285
2020-03-27,281
2020-03-28,278
2020-03-29,273
2020-03-30,270
2020-03-31,265
2020-04-01,264
2020-04-02,266
2020-04-03,277
2020-04-04,287
2020-04-05,299
2020-04-06,304
2020-04-07,313
2020-04-08,322
2020-04-09,322
2020-04-10,322
2020-04-11,321
2020-04-12,321
2020-04-13,320
2020-04-14,318
2020-04-15,319
2020-04-16,319
2020-04-17,320
2020-04-18,320
2020-04-19,321
2020-04-20,320
2020-04-21,319
2020-04-22,317
2020-04-23,316
2020-04-24,313
2020-04-25,312
2020-04-26,310
2020-04-27,309
2020-04-28,308
2020-04-29,306
2020-04-30,304
2020-05-01,302
2020-05-02,302
2020-05-03,299
2020-05-04,297
2020-05-05,295
2020-05-06,292
2020-05-07,290
2020-05-08,288
2020-05-09,287
2020-05-10,286
2020-05-11,285
2020-05-12,284
2020-05-13,284
2020-05-14,280
2020-05-15,282
2020-05-16,277
2020-05-17,276
2020-05-18,275
2020-05-19,274
2020-05-20,272
2020-05-21,270
2020-05-22,270
2020-05-23,271
2020-05-24,288
2020-05-25,297
2020-05-26,300
2020-05-27,308
2020-05-28,316
2020-05-29,316
2020-05-30,316
2020-05-31,316
2020-06-01,306
2020-06-02,302
2020-06-03,298
2020-06-04,295
2020-06-05,291
2020-06-06,289
2020-06-07,287
2020-06-08,285
2020-06-09,283
2020-06-10,281
2020-06-11,278
2020-06-12,276
2020-06-13,274
2020-06-14,272
2020-06-15,269
2020-06-16,267
2020-06-17,266
2020-06-18,264
2020-06-19,266
2020-06-20,264
2020-06-21,263
2020-06-22,261
2020-06-23,264
2020-06-24,266
2020-06-25,269
2020-06-26,272
2020-06-27,274
2020-06-28,274
2020-06-29,274
2020-06-30,274
2020-07-01,273
2020-07-02,271
2020-07-03,269
2020-07-04,269
2020-07-05,270
2020-07-06,267
2020-07-07,265
2020-07-08,264
2020-07-09,264
2020-07-10,263
2020-07-11,263
2020-07-12,263
2020-07-13,263
2020-07-14,262
2020-07-15,261
2020-07-16,260
2020-07-17,257
2020-07-18,257
2020-07-19,257
2020-07-20,257
2020-07-21,253
2020-07-22,249
2020-07-23,246
2020-07-24,246
2020-07-25,248
2020-07-26,249
2020-07-27,249
2020-07-28,250
2020-07-29,250
2020-07-30,250
2020-07-31,250
2020-08-01,251
2020-08-02,252
2020-08-03,252
2020-08-04,251
2020-08-05,251
2020-08-06,251
2020-08-07,250
2020-08-08,250
2020-08-09,248
2020-08-10,247
2020-08-11,246
2020-08-12,245
2020-08-13,244
2020-08-14,243
2020-08-15,243
2020-08-16,244
2020-08-17,244
2020-08-18,239
2020-08-19,237
2020-08-20,235
2020-08-21,236
2020-08-22,242
2020-08-23,246
2020-08-24,244
2020-08-25,242
2020-08-26,241
2020-08-27,239
2020-08-28,236
2020-08-29,237
2020-08-30,238
2020-08-31,239
2020-09-01,236
2020-09-02,235
2020-09-03,236
2020-09-04,241
2020-09-05,246
2020-09-06,248
2020-09-07,249
2020-09-08,251
2020-09-09,255
2020-09-10,260
2020-09-11,264
2020-09-12,269
2020-09-13,269
2020-09-14,268
2020-09-15,268
2020-09-16,268
2020-09-17,269
2020-09-18,269
2020-09-19,271
2020-09-20,273
2020-09-21,277
2020-09-22,277
2020-09-23,278
2020-09-24,278
2020-09-25,278
2020-09-26,281
2020-09-27,278
2020-09-28,278
2020-09-29,284
2020-09-30,284
2020-10-01,283
2020-10-02,282
2020-10-03,282
2020-10-04,281
2020-10-05,280
2020-10-06,279
2020-10-07,280
2020-10-08,280
2020-10-09,281
2020-10-10,281
2020-10-11,280
2020-10-12,280
2020-10-13,278
2020-10-14,275
2020-10-15,270
2020-10-16,266
2020-10-17,270
2020-10-18,270
2020-10-19,270
2020-10-20,270
2020-10-21,269
2020-10-22,268
2020-10-23,267
2020-10-24,266
2020-10-25,266
2020-10-26,266
2020-10-27,265
2020-10-28,263
2020-10-29,261
2020-10-30,259
2020-10-31,262
2020-11-01,261
2020-11-02,259
2020-11-03,258
2020-11-04,259
2020-11-05,258
2020-11-06,258
2020-11-07,259
2020-11-08,260
2020-11-09,261
2020-11-10,260
2020-11-11,259
2020-11-12,259
2020-11-13,259
2020-11-14,258
2020-11-15,258
2020-11-16,253
2020-11-17,249
2020-11-18,248
2020-11-19,246
2020-11-20,243
2020-11-21,241
2020-11-22,239
2020-11-23,237
2020-11-24,235
2020-11-25,236
2020-11-26,238
2020-11-27,241
2020-11-28,245
2020-11-29,248
2020-11-30,246
2020-12-01,248
2020-12-02,250
2020-12-03,250
2020-12-04,252
2020-12-05,258
2020-12-06,258
2020-12-07,257
2020-12-08,257
2020-12-09,257
2020-12-10,258
2020-12-11,258
2020-12-12,258
2020-12-13,257
2020-12-14,256
2020-12-15,255
2020-12-16,256
2020-12-17,256
2020-12-18,257
2020-12-19,261
2020-12-20,259
2020-12-21,264
2020-12-22,262
2020-12-23,261
2020-12-24,258
2020-12-25,260
2020-12-26,261
2020-12-27,260
2020-12-28,259
2020-12-29,260
2020-12-30,261
2020-12-31,263
2021-01-01,264
2021-01-02,266
2021-01-03,270
2021-01-04,274
2021-01-05,279
2021-01-06,279
2021-01-07,278
2021-01-08,278
2021-01-09,278
2021-01-10,277
2021-01-11,276
2021-01-12,275
2021-01-13,275
2021-01-14,274
2021-01-15,273
2021-01-16,272
2021-01-17,271
2021-01-18,270
2021-01-19,269
2021-01-20,268
2021-01-21,270
2021-01-22,272
2021-01-23,266
2021-01-24,270
2021-01-25,268
2021-01-26,265
2021-01-27,265
2021-01-28,265
2021-01-29,265
2021-01-30,264
2021-01-31,264
2021-02-01,263
2021-02-02,262
2021-02-03,262
2021-02-04,264
2021-02-05,263
2021-02-06,263
2021-02-07,262
2021-02-08,263
2021-02-09,262
2021-02-10,262
2021-02-11,265
2021-02-12,268
2021-02-13,268
2021-02-14,268
2021-02-15,266
2021-02-16,264
2021-02-17,260
2021-02-18,256
2021-02-19,252
2021-02-20,250
2021-02-21,252
2021-02-22,253
2021-02-23,255
2021-02-24,256
2021-02-25,256
2021-02-26,257
2021-02-27,258
2021-02-28,260
2021-03-01,261
2021-03-02,258
2021-03-03,258
2021-03-04,259
2021-03-05,259
2021-03-06,259
2021-03-07,258
2021-03-08,257
2021-03-09,257
2021-03-10,258
2021-03-11,258
2021-03-12,257
2021-03-13,256
2021-03-14,256
2021-03-15,255
2021-03-16,254
2021-03-17,252
2021-03-18,248
2021-03-19,246
2021-03-20,244
2021-03-21,243
2021-03-22,244
2021-03-23,243
2021-03-24,241
2021-03-25,240
2021-03-26,236
2021-03-27,237
2021-03-28,237
2021-03-29,238
2021-03-30,238
2021-03-31,235
2021-04-01,231
2021-04-02,228
2021-04-03,230
2021-04-04,233
2021-04-05,229
2021-04-06,232
2021-04-07,229
2021-04-08,227
2021-04-09,223
2021-04-10,221
2021-04-11,218
2021-04-12,216
2021-04-13,214
2021-04-14,213
2021-04-15,211
2021-04-16,209
2021-04-17,208
2021-04-18,208
2021-04-19,205
2021-04-20,203
2021-04-21,200
2021-04-22,197
2021-04-23,200
2021-04-24,204
2021-04-25,207
2021-04-26,207
2021-04-27,207
2021-04-28,209
2021-04-29,212
2021-04-30,221
2021-05-01,230
2021-05-02,234
2021-05-03,242
2021-05-04,250
2021-05-05,258
2021-05-06,258
2021-05-07,258
2021-05-08,260
2021-05-09,263
2021-05-10,265
2021-05-11,264
2021-05-12,265
2021-05-13,265
2021-05-14,266
2021-05-15,269
2021-05-16,270
2021-05-17,272
2021-05-18,274
2021-05-19,276
2021-05-20,278
2021-05-21,274
2021-05-22,276
2021-05-23,279
2021-05-24,280
2021-05-25,282
2021-05-26,281
2021-05-27,280
2021-05-28,289
2021-05-29,298
2021-05-30,308
2021-05-31,318
2021-06-01,324
2021-06-02,330
2021-06-03,325
2021-06-04,321
2021-06-05,316
2021-06-06,312
2021-06-07,307
2021-06-08,303
2021-06-09,302
2021-06-10,302
2021-06-11,301
2021-06-12,301
2021-06-13,298
2021-06-14,296
2021-06-15,293
2021-06-16,292
2021-06-17,291
2021-06-18,288
2021-06-19,288
2021-06-20,287
2021-06-21,287
2021-06-22,282
2021-06-23,279
2021-06-24,276
2021-06-25,276
2021-06-26,277
2021-06-27,275
2021-06-28,273
2021-06-29,273
2021-06-30,273
2021-07-01,274
2021-07-02,276
2021-07-03,276
2021-07-04,276
2021-07-05,276
2021-07-06,275
2021-07-07,275
2021-07-08,276
2021-07-09,278
2021-07-10,281
2021-07-11,283
2021-07-12,279
2021-07-13,282
2021-07-14,285
2021-07-15,288
2021-07-16,288
2021-07-17,288
2021-07-18,287
2021-07-19,292
2021-07-20,297
2021-07-21,302
2021-07-22,308
2021-07-23,313
2021-07-24,312
2021-07-25,312
2021-07-26,308
2021-07-27,305
2021-07-28,303
2021-07-29,304
2021-07-30,305
2021-07-31,304
2021-08-01,303
2021-08-02,302
2021-08-03,302
2021-08-04,302
2021-08-05,302
2021-08-06,302
2021-08-07,301
2021-08-08,299
2021-08-09,297
2021-08-10,295
2021-08-11,294
2021-08-12,294
2021-08-13,291
2021-08-14,291
2021-08-15,291
2021-08-16,291
2021-08-17,291
2021-08-18,289
2021-08-19,287
2021-08-20,285
2021-08-21,286
2021-08-22,283
2021-08-23,280
2021-08-24,277
2021-08-25,271
2021-08-26,270
2021-08-27,267
2021-08-28,269
2021-08-29,271
2021-08-30,270
2021-08-31,269
2021-09-01,268
2021-09-02,265
2021-09-03,263
2021-09-04,264
2021-09-05,263
2021-09-06,262
2021-09-07,261
2021-09-08,260
2021-09-09,260
2021-09-10,260
2021-09-11,261
2021-09-12,261
2021-09-13,262
2021-09-14,266
2021-09-15,266
2021-09-16,265
2021-09-17,266
2021-09-18,268
2021-09-19,267
2021-09-20,265
2021-09-21,264
2021-09-22,263
2021-09-23,263
2021-09-24,267
2021-09-25,266
2021-09-26,264
2021-09-27,263
2021-09-28,261
2021-09-29,259
2021-09-30,257
2021-10-01,255
2021-10-02,253
2021-10-03,251
2021-10-04,249
2021-10-05,248
2021-10-06,247
2021-10-07,244
2021-10-08,241
2021-10-09,243
2021-10-10,244
2021-10-11,244
2021-10-12,245
2021-10-13,259
2021-10-14,265
2021-10-15,265
2021-10-16,272
2021-10-17,280
2021-10-18,287
2021-10-19,285
2021-10-20,286
2021-10-21,286
2021-10-22,286
2021-10-23,289
2021-10-24,291
2021-10-25,287
2021-10-26,286
2021-10-27,286
2021-10-28,287
2021-10-29,288
2021-10-30,288
2021-10-31,288
2021-11-01,288
2021-11-02,286
2021-11-03,289
2021-11-04,291
2021-11-05,294
2021-11-06,289
2021-11-07,289
2021-11-08,289
2021-11-09,289
2021-11-10,289
2021-11-11,289
2021-11-12,289
2021-11-13,289
2021-11-14,289
2021-11-15,289
2021-11-16,289
2021-11-17,288
2021-11-18,286
2021-11-19,285
2021-11-20,287
2021-11-21,286
2021-11-22,285
2021-11-23,285
2021-11-24,285
2021-11-25,285
2021-11-26,284
2021-11-27,284
2021-11-28,283
2021-11-29,283
2021-11-30,285
2021-12-01,284
2021-12-02,284
2021-12-03,283
2021-12-04,283
2021-12-05,282
2021-12-06,280
2021-12-07,279
2021-12-08,278
2021-12-09,277
2021-12-10,276
2021-12-11,275
2021-12-12,275
2021-12-13,275
2021-12-14,275
2021-12-15,276
2021-12-16,277
2021-12-17,278
2021-12-18,278
2021-12-19,279
2021-12-20,279
2021-12-21,279
2021-12-22,280
2021-12-23,280
2021-12-24,282
2021-12-25,282
2021-12-26,283
2021-12-27,282
2021-12-28,282
2021-12-29,281
2021-12-30,282
2021-12-31,281
2022-01-01,279
2022-01-02,278
2022-01-03,276
2022-01-04,274
2022-01-05,274
2022-01-06,274
2022-01-07,273
2022-01-08,273
2022-01-09,274
2022-01-10,274
2022-01-11,275
2022-01-12,274
2022-01-13,274
2022-01-14,274
2022-01-15,273
2022-01-16,272
2022-01-17,272
2022-01-18,272
2022-01-19,272
2022-01-20,272
2022-01-21,272
2022-01-22,272
2022-01-23,272
2022-01-24,272
2022-01-25,272
2022-01-26,272
2022-01-27,272
2022-01-28,272
2022-01-29,271
2022-01-30,272
2022-01-31,274
2022-02-01,274
2022-02-02,275
2022-02-03,277
2022-02-04,279
2022-02-05,281
2022-02-06,280
2022-02-07,280
2022-02-08,281
2022-02-09,281
2022-02-10,279
2022-02-11,277
2022-02-12,280
2022-02-13,282
2022-02-14,285
2022-02-15,287
2022-02-16,292
2022-02-17,292
2022-02-18,293
2022-02-19,293
2022-02-20,296
2022-02-21,295
2022-02-22,293
2022-02-23,292
2022-02-24,286
2022-02-25,281
2022-02-26,280
2022-02-27,280
2022-02-28,280
2022-03-01,281
2022-03-02,281
2022-03-03,281
2022-03-04,279
2022-03-05,278
2022-03-06,278
2022-03-07,278
2022-03-08,276
2022-03-09,274
2022-03-10,269
2022-03-11,268
2022-03-12,266
2022-03-13,268
2022-03-14,270
2022-03-15,269
2022-03-16,269
2022-03-17,268
2022-03-18,263
2022-03-19,264
2022-03-20,264
2022-03-21,264
2022-03-22,263
2022-03-23,263
2022-03-24,262
2022-03-25,260
2022-03-26,258
2022-03-27,256
2022-03-28,251
2022-03-29,250
2022-03-30,249
2022-03-31,248
2022-04-01,246
2022-04-02,242
2022-04-03,238
2022-04-04,234
2022-04-05,231
2022-04-06,227
2022-04-07,223
2022-04-08,220
2022-04-09,220
2022-04-10,221
2022-04-11,218
2022-04-12,216
2022-04-13,217
2022-04-14,217
2022-04-15,218
2022-04-16,219
2022-04-17,219
2022-04-18,220
2022-04-19,217
2022-04-20,219
2022-04-21,220
2022-04-22,222
2022-04-23,223
2022-04-24,221
2022-04-25,220
2022-04-26,218
2022-04-27,217
2022-04-28,215
2022-04-29,214
2022-04-30,214
2022-05-01,214
2022-05-02,214
2022-05-03,210
2022-05-04,207
2022-05-05,206
2022-05-06,206
2022-05-07,203
2022-05-08,202
2022-05-09,200
2022-05-10,199
2022-05-11,196
2022-05-12,194
2022-05-13,193
2022-05-14,195
2022-05-15,198
2022-05-16,192
2022-05-17,190
2022-05-18,191
2022-05-19,186
2022-05-20,183
2022-05-21,182
2022-05-22,180
2022-05-23,179
2022-05-24,179
2022-05-25,175
2022-05-26,179
2022-05-27,171
2022-05-28,169
2022-05-29,170
2022-05-30,167
2022-05-31,163
2022-06-01,162
2022-06-02,162
2022-06-03,161
2022-06-04,160
2022-06-05,158
2022-06-06,157
2022-06-07,156
2022-06-08,156
2022-06-09,153
2022-06-10,151
2022-06-11,150
2022-06-12,149
2022-06-13,148
2022-06-14,145
2022-06-15,143
2022-06-16,140
2022-06-17,138
2022-06-18,138
2022-06-19,135
2022-06-20,133
2022-06-21,130
2022-06-22,128
2022-06-23,125
2022-06-24,124
2022-06-25,124
2022-06-26,124
2022-06-27,124
2022-06-28,127
2022-06-29,130
2022-06-30,133
2022-07-01,133
2022-07-02,132
2022-07-03,132
2022-07-04,131
2022-07-05,131
2022-07-06,129
2022-07-07,128
2022-07-08,126
2022-07-09,123
2022-07-10,120
2022-07-11,117
2022-07-12,114
2022-07-13,112
2022-07-14,109
2022-07-15,109
2022-07-16,109
2022-07-17,109
2022-07-18,110
2022-07-19,110
2022-07-20,111
2022-07-21,110
2022-07-22,110
2022-07-23,110
2022-07-24,109
2022-07-25,109
2022-07-26,108
2022-07-27,108
2022-07-28,106
2022-07-29,104
2022-07-30,102
2022-07-31,101
2022-08-01,99
2022-08-02,96
2022-08-03,94
2022-08-04,92
2022-08-05,89
2022-08-06,91
2022-08-07,92
2022-08-08,93
2022-08-09,95
2022-08-10,96
2022-08-11,96
2022-08-12,95
2022-08-13,98
2022-08-14,98
2022-08-15,99
2022-08-16,100
2022-08-17,108
2022-08-18,103
2022-08-19,104
2022-08-20,106
2022-08-21,108
2022-08-22,111
2022-08-23,113
2022-08-24,118
2022-08-25,118
2022-08-26,119
2022-08-27,120
2022-08-28,120
2022-08-29,120
2022-08-30,119
2022-08-31,118
2022-09-01,120
2022-09-02,120
2022-09-03,120
2022-09-04,123
2022-09-05,122
2022-09-06,122
2022-09-07,122
2022-09-08,121
2022-09-09,121
2022-09-10,124
2022-09-11,124
2022-09-12,124
2022-09-13,122
2022-09-14,121
2022-09-15,119
2022-09-16,118
2022-09-17,120
2022-09-18,118
2022-09-19,114
2022-09-20,113
2022-09-21,112
2022-09-22,110
2022-09-23,109
2022-09-24,108
2022-09-25,108
2022-09-26,107
2022-09-27,105
2022-09-28,103
2022-09-29,102
2022-09-30,100
2022-10-01,99
2022-10-02,97
2022-10-03,96
2022-10-04,94
2022-10-05,95
2022-10-06,93
2022-10-07,91
2022-10-08,91
2022-10-09,92
2022-10-10,92
2022-10-11,93
2022-10-12,93
2022-10-13,93
2022-10-14,93
2022-10-15,93
2022-10-16,94
2022-10-17,93
2022-10-18,94
2022-10-19,96
2022-10-20,94
2022-10-21,96
2022-10-22,97
2022-10-23,98
2022-10-24,99
2022-10-25,101
2022-10-26,102
2022-10-27,103
2022-10-28,104
2022-10-29,105
2022-10-30,105
2022-10-31,106
2022-11-01,107
2022-11-02,108
2022-11-03,109
2022-11-04,111
2022-11-05,113
2022-11-06,112
2022-11-07,113
2022-11-08,114
2022-11-09,113
2022-11-10,114
2022-11-11,112
2022-11-12,110
2022-11-13,111
2022-11-14,112
2022-11-15,114
2022-11-16,115
2022-11-17,117
2022-11-18,120
2022-11-19,122
2022-11-20,125
2022-11-21,127
2022-11-22,130
2022-11-23,132
2022-11-24,135
2022-11-25,135
2022-11-26,134
2022-11-27,134
2022-11-28,133
2022-11-29,132
2022-11-30,132
2022-12-01,131
2022-12-02,132
2022-12-03,131
2022-12-04,131
2022-12-05,130
2022-12-06,127
2022-12-07,123
2022-12-08,120
2022-12-09,117
2022-12-10,119
2022-12-11,120
2022-12-12,122
2022-12-13,123
2022-12-14,125
2022-12-15,126
2022-12-16,127
2022-12-17,127
2022-12-18,128
2022-12-19,128
2022-12-20,126
2022-12-21,127
2022-12-22,126
2022-12-23,124
2022-12-24,123
2022-12-25,121
2022-12-26,124
2022-12-27,126
2022-12-28,129
2022-12-29,131
2022-12-30,133
2022-12-31,134
